open,high,low,close,volume
6003.076240713708,6053.065735794138,5953.628813717281,6007.513111480046,5119862250.069336
